Helmet IXS Trail EVO,20201008,,€120.99,Out of Stock,false,S/M,,,€120.99,Grape,sku717604,
Helmet IXS Trail EVO,20201008,,€120.99,IN STOCK(5+),true,M/L,,,€120.99,Orange,sku717603,
Helmet IXS Trail EVO,20201008,,€120.99,Out of Stock,false,S/M,,,€120.99,Black,sku717614,
Helmet IXS Trail EVO,20201008,,€120.99,IN STOCK(5+),true,M/L,,,€120.99,Grape,sku717602,
Helmet IXS Trail EVO,20201008,,€120.99,Out of Stock,false,S/M,,,€120.99,Lagoon,sku717609,
Helmet IXS Trail EVO,20201008,,€120.99,Out of Stock,false,S/M,,,€120.99,Graphite,sku717608,
Helmet IXS Trail EVO,20201008,,€120.99,Out of Stock,false,S/M,,,€120.99,Orange,sku717607,
Helmet IXS Trail EVO,20201008,,€120.99,Out of Stock,false,M/L,,,€120.99,Black,sku717606,
Helmet IXS Trail EVO,20201008,,€120.99,Out of Stock,false,M/L,,,€120.99,Graphite,sku717601,
Helmet IXS Trail EVO,20201008,,€120.99,Only (1) Left,true,M/L,,,€120.99,Lagoon,sku717600,
Helmet IXS Trail EVO,20201008,,€120.99,Out of Stock,false,S/M,,,€120.99,Ocean,sku717611,
Helmet IXS Trail EVO,20201008,,€120.99,Out of Stock,false,M/L,,,€120.99,Ocean,sku717610,
